ca_source	ca_suggested	es	issue
a quin preu van	a quin preu van?	¿a qué precio están?	missing question mark
a quina hora	a quina hora?	¿a qué hora?	missing question mark
afeccionar-se	aficionar-se	aficionarse	variant, aficionar-se is standard
aixo rai!	això rai!	¡no importa! / ¡da igual!	misspelling
al constat de	al costat de	al lado de	misspelling
alegre alegra	alegre	alegre	adjective is invariable
alemany alemana	l'alemany / l'alemanya	el alemán / la alemana	standard m/f form, spelling, article
alt alta	alt / alta	alto / alta	standard m/f form
altre altra	altre / altra	otro / otra	standard m/f form
ambdós ambdues	ambdós / ambdues	ambos / ambas	standard m/f form
ample ampla	ample / ampla	ancho / ancha	standard m/f form
anar (preterite tense)	vaig / vas / va / vam / vau / van	fui / fuiste / fue / fuimos / fuisteis / fueron	not a lexical item, but a verb paradigm
anar al cine	anar al cinema	ir al cine	spelling
anar al teatro	anar al teatre	ir al teatro	spelling
andalús	l'andalús / l'andalusa	el andaluz / la andaluza	added feminine form and articles
anglès anglesa	l'anglès / l'anglesa	el inglés / la inglesa	added articles
antic antiga	antic / antiga	antiguo / antigua	changed, no reason given
antipàtic antipàtica	antipàtic / antipàtica	antipático / antipática	changed, no reason given
aquell aquella	aquell / aquella	aquel / aquella	changed, no reason given
aquest aquesta	aquest / aquesta	este / esta	changed, no reason given
arquitecte	l'arquitecte / l'arquitecta	el arquitecto / la arquitecta	added feminine form and articles
arrisat arrisada	arrissat / arrissada	rizado / rizada	misspelling, ss for intervocalic /s/
atractiu atractiva	atractiu / atractiva	atractivo / atractiva	changed, no reason given
avorrit avorrida	avorrit / avorrida	aburrido / aburrida	changed, no reason given
aïllat aïllada	aïllat / aïllada	aislado / aislada	changed, no reason given
baix baixa	baix / baixa	bajo / baja	changed, no reason given
barat barata	barat / barata	barato / barata	changed, no reason given
blanc blanca	blanc / blanca	blanco / blanca	changed, no reason given
blau blava	blau / blava	azul	changed, no reason given
bo bona	bo / bona	bueno / buena	changed, no reason given
boníssim boníssima	boníssim / boníssima	buenísimo / buenísima	changed, no reason given
brut bruta	brut / bruta	sucio / sucia / bruto / bruta	changed, no reason given
calent calenta	calent / calenta	caliente	normalized m/f pair
cambrer cambrera	cambrer / cambrera	el camarero / la camarera	normalized m/f pair
canadà	Canadà	Canadá	proper noun, needs capitalization
cansat cansada	cansat / cansada	cansado / cansada	normalized m/f pair
car cara	car / cara	caro / cara	normalized m/f pair
carter cartera	carter / cartera	el cartero / la cartera	normalized m/f pair
cinc / cinquè cinquena	cinc / cinquè / cinquena	cinco / quinto / quinta	normalized m/f pair
cinquanta / cinquantà	cinquanta / cinquantè	cincuenta / quincuagésimo	misspelling, ordinal is -è
clar clara	clar / clara	claro / clara	normalized m/f pair
com estàs? com està?	com estàs? / com està?	¿cómo estás? / ¿cómo está?	normalized formal/informal pair
com et dius? com es diu?	com et dius? / com es diu?	¿cómo te llamas? / ¿cómo se llama?	normalized formal/informal pair
començar a la feina	començar la feina	empezar el trabajo	more idiomatic without "a"
com… no hi ha res	com... no hi ha res	como... no hay nada	changed, no reason given
content contenta	content / contenta	contento / contenta	normalized m/f pair
conèixe't	conèixer-te	conocerte	standard form uses hyphen
crec que…	crec que...	creo que...	changed, no reason given
cru crua	cru / crua	crudo / cruda	normalize m/f pair
cuit cuita	cuit / cuita	cocido / cocida	normalize m/f pair
curt curta	curt / curta	corto / corta	normalize m/f pair
còmode còmoda	còmode / còmoda	cómodo / cómoda	normalize m/f pair
d'aqui a dos dies	d'aquí a dos dies	dentro de dos días	missing accent
de petit petita	de petit / de petita	de pequeño / de pequeña	normalize m/f pair
desanimat desanimada	desanimat / desanimada	desanimado / desanimada	normalize m/f pair
desmotivat desmotivada	desmotivat / desmotivada	desmotivado / desmotivada	normalize m/f pair
deu / desè desena	deu / desè / desena	diez / décimo / décima	normalize m/f pair
disparar-se	desaparèixer	desaparecer	Wrong word for 'disappear'.
dissabte	el dissabte	el sábado	Missing article.
disset /dissetè	disset / dissetè	diecisiete / decimoséptimo	changed, no reason given
diumenge	el diumenge	el domingo	Missing article.
divendres	el divendres	el viernes	Missing article.
divertit divertida	divertit / divertida	divertido / divertida	changed, no reason given
dos dues / segon segona	dos / dues / segon / segona	dos / dos / segundo / segunda	changed, no reason given
dòlar	el dòlar	el dólar	Missing article.
econòmic econòmica	econòmic / econòmica	económico / económica / barato / barata	changed, no reason given
el botiguer la botiguera	el botiguer / la botiguera	el tendero / la tendera	changed, no reason given
el cosí la cosina	el cosí / la cosina	el primo / la prima	changed, no reason given
el meu la meva	el meu / la meva	mi	changed, no reason given
el noia	la noia	la chica	wrong article, noia is feminine
el nostre la nostra	el nostre / la nostra	nuestro / nuestra	changed, no reason given
el ordinador, la computadora	l'ordinador / la computadora	el ordenador / la computadora	missing elision before vowel
el seu la seva	el seu / la seva	su	Normalised m/f pair
el teu la teva	el teu / la teva	tu / tus	Normalised m/f pair
el trebellador	el treballador	el trabajador	Misspelling
el vostra la vostra	el vostre / la vostra	vuestro / vuestra	Normalised m/f pair.
el xicot, la xicota	el xicot / la xicota	el novio / la novia	Normalised m/f pair.
em sembla que…	em sembla que...	me parece que...	changed, no reason given
en llenguado a la planxa	un llenguado a la planxa	un lenguado a la plancha	Typo, 'en' for 'un'.
encantat encantada	encantat / encantada	encantado / encantada	Normalised m/f pair.
enfadat enfadada	enfadat / enfadada	enfadado / enfadada	Normalised m/f pair.
enfeinat enfeinada	enfeinat / enfeinada	atareado / ocupado	Normalised m/f pair.
escocès escocèea	escocès / escocesa	el escocés / la escocesa	misspelled feminine form
espantat espantada	espantat / espantada	asustado / asustada	changed, no reason given
esquerre esquerra	esquerre / esquerra	izquierdo / izquierda	changed, no reason given
estar al punt de + inf	estar a punt de + inf.	estar a punto de + inf.	missing preposition 'a'
estar marejat marejada	estar marejat / marejada	estar mareado / mareada	changed, no reason given
estar refredat refredada	estar refredat / refredada	estar resfriado / resfriada	changed, no reason given
estatunidenc estatunidenca	estatunidenc / estatunidenca	el estadounidense / la estadounidense	changed, no reason given
està núvol	està ennuvolat	está nublado	wrong word, 'núvol' is a noun
fart farta	fart / farta	harto / harta	changed, no reason given
fat fada	fat / fada	soso / sosa	changed, no reason given
fa…	fa...	hace...	changed, no reason given
fer s'ho	fer-s'ho	apañárselas	missing hyphen in pronominal combination
ferit ferida	ferit / ferida	herido / herida	normalised m/f pair
fet feta	fet / feta	hecho / hecha	normalised m/f pair
fins I tot	fins i tot	incluso	conjunction 'i' should be lowercase
fort forta	fort / forta	fuerte	normalised m/f pair
fosc fosca	fosc / fosca	oscuro / oscura	normalised m/f pair
fotut fotuda	fotut / fotuda	jodido / jodida	normalised m/f pair
francès francesa	francès / francesa	francés / francesa	normalised m/f pair
gras grassa	gras / grassa	gordo / gorda	normalised m/f pair
gris grisa	gris / grisa	gris	normalised m/f pair
groc groga	groc / groga	amarillo / amarilla	normalised m/f pair
gros grossa	gros / grossa	gordo / gorda / grande	normalised m/f pair
hauries de + inf	hauries de + inf.	deberías + inf.	changed, no reason given
haver de + inf	haver de + inf.	tener que + inf. / deber + inf.	changed, no reason given
il·limitat il·limitada	il·limitat / il·limitada	ilimitado / ilimitada	changed, no reason given
in	en	en	misspelling
inclòs inclosa	inclòs / inclosa	incluido / incluida	changed, no reason given
infermer infermera	l'infermer / la infermera	el enfermero / la enfermera	changed, no reason given
l'aigua (f)	l'aigua	el agua	changed, no reason given
l'aigua sense gas (f)	l'aigua sense gas	el agua sin gas	changed, no reason given
l'aire condicionat (m)	l'aire condicionat	el aire acondicionado	changed, no reason given
l'autobús (m)	l'autobús	el autobús	removed gender marker
l'autobús és més barat qie el metro.	l'autobús és més barat que el metro.	el autobús es más barato que el metro.	misspelling: qie -> que
l'avió (m)	l'avió	el avión	removed gender marker
l'edifici (m)	l'edifici	el edificio	removed gender marker
l'empleat l'empleada	l'empleat / l'empleada	el empleado / la empleada	normalised m/f pair
l'esmorzar (m)	l'esmorzar	el desayuno	removed gender marker
l'estanc (m)	l'estanc	el estanco	removed gender marker
l'oli d'oliva (m)	l'oli d'oliva	el aceite de oliva	removed gender marker
la cercavilla	la cercavila	el pasacalles	misspelling, cercavila is with v
la comissaria de policia	la comisaria de policia	la comisaría de policía	misspelling, comisaria is with one s
la tauleta	la tauleta de nit	la mesita de noche	missing 'de nit' for this sense
lampista	el lampista / la lampista	el fontanero / la fontanera	changed, no reason given
les cargols	els cargols	los caracoles	wrong article, cargol is masculine
liest liesta	llest / llesta	listo / lista	misspelling
llarg llarga	llarg / llarga	largo / larga	changed, no reason given
llegir un llebre	llegir un llibre	leer un libro	misspelling, llibre not llebre
llicenciat llicenciada	el llicenciat / la llicenciada	el licenciado / la licenciada	changed, no reason given
maco maca	maco / maca	guapo / guapa / majo / maja	changed, no reason given
madur madura	madur / madura	maduro / madura	changed, no reason given
mateix mateixa	mateix / mateixa	mismo / misma	changed, no reason given
mestre mestra	el mestre / la mestra	el maestro / la maestra	changed, no reason given
metge metgessa	el metge / la metgessa	el médico / la médica	changed, no reason given
mig mitja	mig / mitja	medio / media	changed, no reason given
nebot neboda	el nebot / la neboda	el sobrino / la sobrina	added articles
negre negra	negre / negra	negro / negra	changed, no reason given
no...ni	no... ni	ni... ni	changed, no reason given
noranta / norantà	noranta / norantè	noventa / nonagésimo	misspelling of ordinal
normalament em llevo a les set.	Normalment em llevo a les set.	Normalmente me levanto a las siete.	misspelling and punctuation
nou / novè novena	nou / novè / novena	nueve / noveno novena	standard m/f formatting
no… gaire	no... gaire	no... mucho	changed, no reason given
no… gens	no... gens	no... nada	changed, no reason given
no… gens ni mica	no... gens ni mica	nada de nada / ni un ápice	changed, no reason given
néixar	néixer	nacer	misspelling
obert oberta	obert / oberta	abierto / abierta	changed, no reason given
ocupat ocupada	ocupat / ocupada	ocupado / ocupada	changed, no reason given
oh I tant!	Oh, i tant!	¡y tanto! / ¡claro que sí!	punctuation and capitalization
on vius? on viu?	On vius? / On viu?	¿dónde vives? / ¿dónde vive?	punctuation and formatting
on és	On és?	¿dónde está?	punctuation and capitalization
paleta	el paleta	el albañil	changed, no reason given
pasar estona	passar l'estona	pasar el rato	misspelling and missing article
passar a + inf	passar a + inf.	pasar a + inf.	changed, no reason given
pensar + inf	pensar + inf.	pensar + inf.	changed, no reason given
perdona perdoni	perdona / perdoni	perdona / perdone	normalised format
perruquer perruquera	el perruquer / la perruquera	el peluquero / la peluquera	normalised format
petit petita	petit / petita	pequeño / pequeña	normalised format
pintor pintora	el pintor / la pintora	el pintor / la pintora	normalised format
ple plena	ple / plena	lleno / llena	normalised format
plego tard.	plego tard	salgo tarde	changed, no reason given
pobre pobra	pobre / pobra	pobre	changed, no reason given
preciós preciosa	preciós / preciosa	precioso / preciosa	changed, no reason given
preocupat preocupada	preocupat / preocupada	preocupado / preocupada	changed, no reason given
prim prima	prim / prima	delgado / delgada	changed, no reason given
professor professora	professor / professora	profesor / profesora	changed, no reason given
pèl-roig roja	pèl-roig / pèl-roja	pelirrojo / pelirroja	feminine is pèl-roja
quant? quanta?	quant? / quanta?	¿cuánto? / ¿cuánta?	changed, no reason given
quants? quantes?	quants? / quantes?	¿cuántos? / ¿cuántas?	changed, no reason given
quart val?	quant val?	¿cuánto vale?	misspelling, should be quant
quatre / quart quarta	quatre / quart / quarta	cuatro / cuarto / cuarta	changed, no reason given
queder	quedar	quedar / sobrar	misspelling, should be quedar
qui és ara? a qui toca?	qui és ara? / a qui toca?	¿quién es el siguiente? / ¿a quién le toca?	changed, no reason given
quin? quina? quins? quines?	quin / quina / quins / quines	¿cuál? / ¿qué?	standardised format
quins llibresa tens?	quins llibres tens?	¿qué libros tienes?	misspelling, llibresa -> llibres
receptar, presciure	receptar / prescriure	recetar / prescribir	standardised format
roig roija	roig / roja	el rojo / la roja	misspelling, roija -> roja
ros rossa	ros / rossa	el rubio / la rubia	changed, no reason given
ràpid ràpida	ràpid / ràpida	el rápido / la rápida	changed, no reason given
salat salada	salat / salada	el salado / la salada	changed, no reason given
salut!xin-xin!	salut! / xin-xin!	¡salud! / ¡chin-chín!	standardised format
sang	la sang	la sangre	added article
secretari secretària	el secretari / la secretària	el secretario / la secretaria	added articles
segur segura	segur / segura	seguro / segura	normalize m/f pair
senyor, senyora	el senyor / la senyora	el señor / la señora	add articles, normalize m/f pair
senzill senzilla	senzill / senzilla	sencillo / sencilla	normalize m/f pair
set / setè setena	set / setè / setena	siete / séptimo / séptima	normalize m/f pair
setanta / setantà	setanta / setantè	setenta / septuagésimo	misspelling, ordinal is setantè
simpàtic simpàtica	simpàtic / simpàtica	simpático / simpática	normalize m/f pair
sis / sisè sisena	sis / sisè / sisena	seis / sexto / sexta	normalize m/f pair
sol sola	sol / sola	solo / sola	normalize m/f pair
sorprès sorpresa	sorprès / sorpresa	sorprendido / sorprendida	normalize m/f pair
sortir am amics	sortir amb amics	salir con amigos	misspelling, am -> amb
tancat tancada	tancat / tancada	cerrado / cerrada	normalize m/f pair
tornar a + inf	tornar a + inf.	volver a + inf.	changed, no reason given
tot I que	tot i que	aunque	spelling, 'i' is lowercase
tot tota	tot / tota	todo / toda	normalise to MASC / FEM
tres / tercer tercera	tres / tercer / tercera	tres / tercero / tercera	normalise to MASC / FEM
trist trista	trist / trista	triste	normalise to MASC / FEM
tímid tímida	tímid / tímida	tímido / tímida	changed, no reason given
u un una / primer primera	u / un / una / primer / primera	uno / un / una / primero / primera	changed, no reason given
unió europea	Unió Europea	la Unión Europea	Capitalisation.
valent valenta	valent / valenta	valiente	changed, no reason given
verd verda	verd / verda	verde	changed, no reason given
vermell vermella	vermell / vermella	rojo / roja	changed, no reason given
veí veïna	el veí / la veïna	el vecino / la vecina	changed, no reason given
viu s'està	viu	vive	Incorrect phrasing, should be 'viu'.
voldria reservar una habitació sisplau.	voldria reservar una habitació, si us plau.	querría reservar una habitación, por favor.	Corrected 'sisplau.' to 'si us plau.'
voldria un bitllet per a (lloc) pel (dia)	voldria un bitllet per a (lloc) per al (dia).	querría un billete para (lugar) para el (día).	Corrected 'pel' to 'per al'.
voldria una barra de quart sisplau.	voldria una barra de quart, si us plau.	querría una barra de cuarto, por favor.	Corrected 'sisplau.' to 'si us plau.'
vuitè vuitena	el vuitè / la vuitena	el octavo / la octava	Normalised to MASC / FEM with articles.
vull un paquet de sucre sisplau.	Vull un paquet de sucre, si us plau.	quiero un paquete de azúcar, por favor.	Expanded 'sisplau', added comma, capitalised.
vull una habitació doble/individual.	Vull una habitació doble/individual.	quiero una habitación doble/individual.	Capitalised start of sentence.
